timestamp,url,rt_ms,http_code
2024-01-01T00:00:01Z,/api/profile,123,200
2024-01-01T00:00:02Z,/api/content,230,201
2024-01-01T00:00:03Z,/api/analytics,150,200
2024-01-01T00:00:04Z,/api/profile,110,200
2024-01-01T00:00:05Z,/api/content,250,201
2024-01-01T00:00:06Z,/api/analytics,180,200
2024-01-01T00:00:07Z,/api/profile,135,200
2024-01-01T00:00:08Z,/api/content,220,201
2024-01-01T00:00:09Z,/api/analytics,175,200
2025-06-16T00:12:00.849Z,/health,12,200
2025-06-16T00:12:52.266Z,/health,11,200
2025-06-16T00:12:57.849Z,/health,8,200
2025-06-16T00:12:58.757Z,/health,10,200
2025-06-16T00:13:44.589Z,/health,11,200
2025-06-16T00:13:44.631Z,/health,8,200
2025-06-16T00:13:50.554Z,/health,14,200
2025-06-16T00:13:50.678Z,/health,13,200
2025-06-16T00:16:53.517Z,/health,9,200
2025-06-16T00:16:53.523Z,/health,12,200
2025-06-16T00:29:55.124Z,/health,8,200
2025-06-16T00:29:55.145Z,/health,8,200
2025-06-16T00:31:12.101Z,/health,9,200
2025-06-16T00:31:12.142Z,/health,8,200
2025-06-16T00:31:13.126Z,/health,9,200
2025-06-16T00:31:48.118Z,/health,11,200
2025-06-16T00:31:48.155Z,/health,11,200
2025-06-16T00:31:48.978Z,/health,8,200
2025-06-16T00:49:55.018Z,/health,14,200
2025-06-16T00:49:55.025Z,/health,13,200
2025-06-16T00:51:29.611Z,/health,14,200
2025-06-16T00:51:29.654Z,/health,11,200
2025-06-16T00:52:25.603Z,/health,15,200
2025-06-16T00:52:25.610Z,/health,14,200
2025-06-16T00:53:52.111Z,/health,16,200
2025-06-16T00:53:52.136Z,/health,17,200
2025-06-16T00:54:13.528Z,/health,16,200
2025-06-16T00:54:13.552Z,/health,13,200
2025-06-16T00:54:47.296Z,/health,13,200
2025-06-16T00:54:47.332Z,/health,11,200
2025-06-16T00:55:05.846Z,/health,18,200
2025-06-16T00:55:05.942Z,/health,12,200
2025-06-16T00:56:43.106Z,/health,14,200
2025-06-16T00:56:43.131Z,/health,17,200
2025-06-16T00:56:44.306Z,/health,21,200
2025-06-16T00:57:09.903Z,/health,17,200
2025-06-16T00:57:09.973Z,/health,20,200
2025-06-16T00:57:12.999Z,/health,10,200
2025-06-16T00:57:18.262Z,/health,15,200
2025-06-16T00:57:18.289Z,/health,14,200
2025-06-16T00:57:18.299Z,/health,12,200
2025-06-16T00:57:42.525Z,/health,17,200
2025-06-16T00:57:42.534Z,/health,18,200
2025-06-16T00:57:42.671Z,/health,11,200
2025-06-16T00:57:44.257Z,/health,10,200
